0,0,0,0,0,0,0,0,0
50,0,0,0,0,0,0,0,0
100,0,0,0,0,0,0,0,0
150,0,0,0,0,0,0,0,0
200,0,0,0,0,0,0,0,0
250,0,0,0,0,0,0,0,0
300,0,0,0,0,0,0,0,0
350,0,0,0,0,0,0,0,0
400,0,0,0,0,0,0,0,0
450,0,0,0,0,0,0,0,0
500,0,0,0,0,0,0,0,0
550,0,0,0,0,0,0,0,0
600,0,0,0,0,0,0,0,0
650,0,0,0,0,0,0,0,0
700,0,0,0,0,0,0,0,0
750,0,0,0,0,0,0,0,0
800,0,0,0,0,0,0,0,0
850,0,0,0,0,0,0,0,0
900,0,0,0,0,0,0,0,0
950,0,0,0,0,0,0,0,0
1000,0,0,0,0,0,0,0,0
1050,0,0,0,0,0,0,0,0
1100,0,0,0,0,0,0,0,0
1150,0,0,0,0,0,0,0,0
1200,0,0,0,0,0,0,0,0
1250,0,0,0,0,0,0,0,0
1300,0,0,0,0,0,0,0,0
1350,0,0,0,0,0,0,0,0
1400,0,0,0,0,0,0,0,0
1450,0,0,0,0,0,0,0,0
1500,0,0,0,0,0,0,0,0
1550,0,0,0,0,0,0,0,0
1600,0,0,0,0,0,0,0,0
1650,0,0,0,0,0,0,0,0
1700,0,0,0,0,0,0,0,0
1750,0,0,0,0,0,0,0,0
1800,0,0,0,0,0,0,0,0
1850,0,0,0,0,0,0,0,0
1900,0,0,0,0,0,0,0,0
1950,0,0,0,0,0,0,0,0
2000,0,0,0,0,0,0,0,0
2050,0,0,0,0,0,0,0,0
2100,0,0,0,0,0,0,0,0
2150,0,0,0,0,0,0,0,0
2200,0,0,0,0,0,0,0,0
2250,0,0,0,0,0,0,0,0
2300,50,50,0,0,331,308,246,223
2350,50,50,5,1,392,388,246,223
2400,50,50,21,14,416,414,246,223
2450,50,50,50,44,413,397,246,223
2500,50,50,85,78,420,412,246,223
2550,50,50,126,116,418,420,246,223
2600,50,50,169,160,423,413,246,223
2650,50,50,216,206,417,413,246,223
2700,50,50,268,256,399,401,246,223
2750,50,50,322,311,387,378,246,223
2800,50,50,378,369,371,356,246,223
2850,50,50,436,429,352,333,246,223
2900,50,50,495,490,334,312,246,223
2950,50,50,554,553,319,284,246,223
3000,50,50,614,617,299,258,246,223
3050,50,50,673,681,287,235,246,223
3100,50,50,732,745,272,212,246,223
3150,50,50,791,808,257,193,246,223
3200,50,50,848,873,252,162,246,223
3250,50,50,907,936,231,146,246,223
3300,50,50,965,998,221,129,246,223
3350,50,50,1022,1059,213,114,246,223
3400,50,50,1080,1120,197,96,246,223
3450,50,50,1136,1179,193,87,246,223
3500,50,50,1190,1237,193,77,246,223
3550,50,50,1244,1293,187,73,246,223
3600,50,50,1296,1348,189,68,246,223
3650,50,50,1347,1403,190,60,246,223
3700,50,50,1397,1455,193,65,246,223
3750,50,50,1446,1506,197,66,246,223
3800,50,50,1495,1556,198,69,246,223
3850,50,50,1543,1604,204,78,246,223
3900,50,50,1591,1651,207,86,246,223
3950,50,50,1638,1696,215,100,246,223
4000,50,50,1686,1742,215,103,246,223
4050,50,50,1733,1786,223,119,246,223
4100,50,50,1778,1828,237,138,246,223
4150,50,50,1824,1870,240,151,246,223
4200,50,50,1869,1913,251,159,246,223
4250,50,50,1915,1956,254,170,246,223
4300,50,50,1961,1998,260,186,246,223
4350,50,50,2008,2040,262,199,246,223
4400,50,50,2054,2082,271,212,246,223
4450,50,50,2102,2124,269,225,246,223
4500,50,50,2149,2167,277,233,246,223
4550,50,50,2198,2211,273,240,246,223
4600,50,50,2245,2255,284,250,246,223
4650,50,50,2294,2300,280,255,246,223
4700,50,50,2342,2346,286,258,246,223
4750,50,50,2391,2393,285,260,246,223
4800,50,50,2439,2441,291,260,246,223
4850,50,50,2489,2490,285,259,246,223
4900,50,50,2539,2540,285,256,246,223
4950,50,50,2589,2591,285,252,246,223
5000,50,50,2642,2643,271,246,246,223
5050,50,50,2693,2695,275,243,246,223
5100,50,50,2745,2748,269,235,246,223
5150,50,50,2796,2801,270,230,246,223
5200,50,50,2849,2854,259,225,246,223
5250,50,50,2901,2908,259,216,246,223
5300,50,50,2952,2962,260,210,246,223
5350,50,50,3003,3017,259,199,246,223
5400,50,50,3056,3071,248,196,246,223
5450,50,50,3108,3125,248,190,246,223
5500,50,50,3159,3179,249,184,246,223
5550,50,50,3212,3232,238,182,246,223
5600,50,50,3263,3285,242,177,246,223
5650,50,50,3315,3338,236,172,246,223
5700,50,50,3365,3390,242,172,246,223
5750,50,50,3416,3442,238,169,246,223
5800,50,50,3466,3493,241,170,246,223
5850,50,50,3515,3544,245,169,246,223
5900,50,50,3565,3595,242,168,246,223
5950,50,50,3615,3646,242,167,246,223
6000,50,50,3665,3696,242,170,246,223
6050,50,50,3714,3746,246,170,246,223
6100,50,50,3764,3795,243,174,246,223
6150,50,50,3813,3845,247,171,246,223
6200,50,50,3862,3892,248,185,246,223
6250,50,50,3910,3939,254,190,246,223
6300,50,50,3960,3987,248,190,246,223
6350,50,50,4008,4034,257,198,246,223
6400,50,50,4056,4082,260,198,246,223
6450,50,50,4105,4129,259,206,246,223
6500,50,50,4153,4176,265,211,246,223
6550,50,50,4202,4224,264,211,246,223
6600,50,50,4255,4273,247,210,246,223
6650,50,50,4305,4322,256,211,246,223
6700,50,50,4356,4371,252,212,246,223
6750,50,50,4406,4420,255,213,246,223
6800,50,50,4457,4470,251,210,246,223
6850,50,50,4507,4520,254,210,246,223
6900,50,50,4558,4571,250,206,246,223
6950,50,50,4608,4622,253,205,246,223
7000,50,50,4659,4673,249,204,246,223
7050,50,50,4710,4725,248,198,246,223
7100,50,50,4760,4777,251,195,246,223
7150,50,50,4812,4828,242,196,246,223
7200,50,50,4862,4880,248,190,246,223
7250,50,50,4913,4931,244,191,246,223
7300,50,50,4962,4981,251,194,246,223
7350,50,50,5013,5032,244,190,246,223
7400,50,50,5061,5081,256,197,246,223
7450,50,50,5111,5131,250,194,246,223
7500,50,50,5160,5180,254,198,246,223
7550,50,50,5210,5229,251,199,246,223
7600,50,50,5260,5278,251,200,246,223
7650,50,50,5309,5327,255,201,246,223
7700,50,50,5360,5376,248,202,246,223
7750,50,50,5409,5425,255,203,246,223
7800,50,50,5459,5473,252,209,246,223
7850,50,50,5507,5522,261,208,246,223
7900,50,50,5557,5571,255,209,246,223
7950,50,50,5606,5620,259,210,246,223
8000,50,50,5654,5670,265,207,246,223
8050,50,50,5703,5719,264,211,246,223
8100,50,50,5752,5768,265,212,246,223
8150,50,50,5802,5818,262,209,246,223
8200,50,50,5852,5868,262,209,246,223
8250,50,50,5902,5918,262,209,246,223
8300,50,50,5953,5968,258,209,246,223
8350,50,50,6002,6018,265,209,246,223
8400,50,50,6053,6069,258,205,246,223
8450,50,50,6102,6119,265,208,246,223
8500,50,50,6153,6170,258,204,246,223
8550,50,50,6203,6221,261,203,246,223
8600,50,50,6254,6271,257,206,246,223
8650,50,50,6305,6322,256,202,246,223
8700,50,50,6356,6372,255,205,246,223
8750,50,50,6408,6423,249,201,246,223
8800,50,50,6460,6472,246,208,246,223
8850,50,50,6511,6523,247,201,246,223
8900,50,50,6562,6574,246,200,246,223
8950,50,50,6613,6624,245,203,246,223
9000,50,50,6663,6674,248,203,246,223
9050,50,50,6713,6724,248,203,246,223
9100,50,50,6762,6774,252,203,246,223
9150,50,50,6813,6825,245,199,246,223
9200,50,50,6862,6875,252,202,246,223
9250,50,50,6913,6925,245,202,246,223
9300,50,50,6962,6975,252,202,246,223
9350,50,50,7014,7026,240,198,246,223
9400,50,50,7063,7076,250,201,246,223
9450,50,50,7111,7125,256,205,246,223
9500,50,50,7160,7174,255,206,246,223
9550,50,50,7209,7224,256,203,246,223
9600,50,50,7257,7273,262,207,246,223
9650,50,50,7306,7323,261,204,246,223
9700,50,50,7354,7372,267,208,246,223
9750,50,50,7404,7422,261,205,246,223
9800,50,50,7454,7471,261,209,246,223
9850,50,50,7504,7521,261,206,246,223
9900,50,50,7555,7570,257,210,246,223
9950,50,50,7605,7620,260,207,246,223
PID_PERIOD,n=219,silent=0,min_ms=49.985,max_ms=50.015,mean_ms=50.000,min_cyc=4998532,max_cyc=5001504,mean_cyc=5000000
[?2004h[01;32msentinel@sentinel-desktop[00m:[01;34m~[00m$ 
Broadcast message from root@sentinel-desktop on pts/4 (Sun 2026-08-30 13:49:01 WIB):

The system will power off now!

